[
  {
    "name": "SANDHYA",
    "items": "milk,butter",
    "date": "2025-08-08"
  },
  {
    "name": "SANDHYA",
    "items": "milk,butter",
    "date": "2200-02-01"
  },
  {
    "name": "Sriram",
    "items": "lays ",
    "date": "2023-02-01"
  },
  
  {
    "name": "Sagar Uchiha",
    "items": "milk,butter",
    "date": "2002-02-01"
  },
  {
    "name": "Sagar Uchiha",
    "items": "milk,butter",
    "date": "2003-02-01"
  },
  {
    "name": "Sagar Uchiha",
    "items": "milk,butter",
    "date": "2025-08-07"
  },
  {
    "name": "Sriram",
    "items": "lays ",
    "date": "2025-08-27"
  },
  {
    "name": "SANDHYA",
    "items": "milk, butter,l",
    "date": "2025-08-08"
  },
  {
    "name": "SANDHYA",
    "items": "milk,butter",
    "date": "2025-08-08"
  },
  {
    "name": "SANDHYA",
    "items": "milk,butter",
    "date": "2025-08-08"
  },
  {
    "name": "Sriram",
    "items": "lays ",
    "date": "2025-08-22"
  },
  {
    "name": "Sriram",
    "items": "lays",
    "date": "2025-09-02"
  },
  {
    "name": "Sagar Uchiha",
    "items": "milk,butter,l",
    "date": "2025-08-21"
  },
  {
    "name": "Vidhya Sagar",
    "items": "butter",
    "date": "2025-12-01"
  },
  {
    "name": "Sriram",
    "items": "lays ",
    "date": "2025-08-12"
  },
  {
    "name": "Vidhya Sagar",
    "items": "butter",
    "date": "2025-12-01"
  },
  {
    "name": "Vidhya Sagar",
    "items": "butter",
    "date": "2025-12-01"
  },
  {
    "name": "Sriram",
    "items": "lays ",
    "date": "2025-08-21"
  },
  {
    "name": "leela",
    "items": "meat",
    "date": "2025-03-10"
  },
  {
    "name": "Vidhya Sagar",
    "items": "butter",
    "date": "2025-12-01"
  },
  {
    "name": "SANDHYA",
    "items": "milk,butter,jam",
    "date": "2025-08-08"
  },
  {
    "name": "Sagar Uchiha",
    "items": "butter",
    "date": "2025-08-04"
  },
  {
    "name": "leela",
    "items": "meat",
    "date": "2025-08-12"
  },
  {
    "name": "Vidhya Sagar",
    "items": "butter",
    "date": "2025-08-18"
  }
]